rank,channel_info,influence_score,posts,followers,avg_likes,60_day_eng_rate,new_post_avg_like,total_likes,country
1,cristiano,92,3300.0,475800000.0,8700000.0,1.39,6500000.0,29000000000.0,Spain
2,kyliejenner,91,6900.0,366200000.0,8300000.0,1.62,5900000.0,57400000000.0,United States
3,leomessi,90,890.0,357300000.0,6800000.0,1.24,4400000.0,6000000000.0,Unknown
4,selenagomez,93,1800.0,342700000.0,6200000.0,0.97,3300000.0,11500000000.0,United States
5,therock,91,6800.0,334100000.0,1900000.0,0.2,665300.0,12500000000.0,United States
6,kimkardashian,91,5600.0,329200000.0,3500000.0,0.88,2900000.0,19900000000.0,United States
7,arianagrande,92,5000.0,327700000.0,3700000.0,1.2,3900000.0,18400000000.0,United States
8,beyonce,92,2000.0,272800000.0,3600000.0,0.76,2000000.0,7400000000.0,United States
9,khloekardashian,89,4100.0,268300000.0,2400000.0,0.35,926900.0,9800000000.0,United States
10,justinbieber,91,7400.0,254500000.0,1900000.0,0.59,1500000.0,13900000000.0,Canada
11,kendalljenner,90,660.0,254000000.0,5500000.0,2.04,5100000.0,3700000000.0,United States
12,natgeo,91,10000.0,237000000.0,302200.0,0.07,159300.0,3000000000.0,United States
13,nike,90,950.0,234100000.0,329000.0,0.08,181800.0,313600000.0,United States
14,taylorswift,91,530.0,222200000.0,2400000.0,1.01,2300000.0,1300000000.0,United States
15,jlo,89,3200.0,220400000.0,1700000.0,0.62,1400000.0,5300000000.0,United States
16,virat.kohli,87,1400.0,211800000.0,3500000.0,0.96,2000000.0,4900000000.0,Unknown
17,nickiminaj,90,6400.0,201600000.0,2100000.0,0.53,1000000.0,13500000000.0,United States
18,kourtneykardash,89,4400.0,195200000.0,1800000.0,0.67,1300000.0,7700000000.0,United States
19,mileycyrus,89,1200.0,181500000.0,1300000.0,0.51,913600.0,1600000000.0,Unknown
20,neymarjr,90,5300.0,177100000.0,2700000.0,1.09,1900000.0,14100000000.0,Brazil
21,katyperry,92,2000.0,170300000.0,715000.0,0.16,265100.0,1500000000.0,Unknown
22,kevinhart4real,88,8200.0,152000000.0,522000.0,0.08,115200.0,4300000000.0,United States
23,zendaya,87,3500.0,150700000.0,5800000.0,3.17,4800000.0,20600000000.0,United States
24,iamcardib,75,1600.0,140500000.0,3100000.0,1.1,1500000.0,5000000000.0,United States
25,ddlovato,88,80.0,139100000.0,1100000.0,0.27,363400.0,91300000.0,United States
26,badgalriri,88,4800.0,135300000.0,3700000.0,0.02,0.0,17900000000.0,United States
27,kingjames,86,2300.0,130900000.0,2100000.0,0.92,1200000.0,4900000000.0,Unknown
28,theellenshow,87,10000.0,125100000.0,420500.0,0.07,81700.0,4200000000.0,United States
29,realmadrid,90,6900.0,123400000.0,996200.0,0.48,588300.0,6800000000.0,Spain
30,champagnepapi,85,5200.0,119600000.0,1700000.0,1.1,1300000.0,9000000000.0,Netherlands
31,chrisbrownofficial,86,7300.0,118500000.0,463200.0,0.22,255900.0,3400000000.0,United States
32,fcbarcelona,90,10000.0,111400000.0,1200000.0,0.64,706300.0,11600000000.0,Unknown
33,billieeilish,73,690.0,105200000.0,8500000.0,5.02,5200000.0,5900000000.0,Unknown
34,dualipa,74,1300.0,85900000.0,2100000.0,1.26,1100000.0,2600000000.0,United Kingdom
35,gal_gadot,85,1700.0,85600000.0,1400000.0,0.69,586500.0,2300000000.0,United States
36,vindiesel,88,1800.0,82300000.0,1400000.0,0.6,482300.0,2500000000.0,United States
37,nasa,88,3600.0,81300000.0,1200000.0,1.53,1200000.0,4200000000.0,United States
38,priyankachopra,85,3600.0,81100000.0,1600000.0,1.0,802900.0,5600000000.0,United States
39,lalalalisa_m,70,870.0,80900000.0,5800000.0,9.0,7200000.0,5100000000.0,Unknown
40,Shakira,88,2000.0,76100000.0,975100.0,0.41,304700.0,1900000000.0,Unknown
41,snoopdogg,86,10000.0,75300000.0,203700.0,0.17,125800.0,2000000000.0,Unknown
42,gigihadid,85,3300.0,75300000.0,2500000.0,2.56,1900000.0,8200000000.0,United States
43,davidbeckham,86,1500.0,74900000.0,1200000.0,0.46,340900.0,1900000000.0,United States
44,shraddhakapoor,81,1900.0,73900000.0,1600000.0,1.17,859900.0,3000000000.0,Unknown
45,victoriassecret,88,2900.0,73200000.0,147000.0,0.04,29800.0,423500000.0,United States
46,k.mbappe,86,1200.0,72700000.0,2500000.0,2.16,1600000.0,2800000000.0,Unknown
47,nehakakkar,84,2300.0,70400000.0,1500000.0,0.54,370100.0,3500000000.0,India
48,nba,87,12900.0,70100000.0,370800.0,0.28,196900.0,4800000000.0,United States
49,shawnmendes,83,2500.0,69900000.0,3500000.0,2.87,2000000.0,8800000000.0,Canada
50,jennierubyjane,76,860.0,68900000.0,5100000.0,8.36,5700000.0,4400000000.0,Unknown
51,narendramodi,85,540.0,68900000.0,2900000.0,3.01,2000000.0,1600000000.0,India
52,aliaabhatt,82,1800.0,68700000.0,1800000.0,3.14,2100000.0,3300000000.0,India
53,deepikapadukone,83,260.0,68400000.0,1600000.0,2.23,1500000.0,419000000.0,India
54,tomholland2013,77,1200.0,67700000.0,5400000.0,10.83,7300000.0,6600000000.0,Unknown
55,ronaldinho,78,2900.0,67700000.0,872900.0,0.49,325700.0,2600000000.0,Brazil
56,emmawatson,87,340.0,67300000.0,1900000.0,0.01,0.0,639000000.0,United States
57,bts.bighitofficial,78,1200.0,66900000.0,4100000.0,5.4,3600000.0,4900000000.0,Uruguay
58,katrinakaif,85,1000.0,66300000.0,1700000.0,2.25,1500000.0,1700000000.0,India
59,marvel,82,7000.0,66200000.0,332300.0,0.51,339000.0,2300000000.0,Turkey
60,justintimberlake,87,780.0,65900000.0,600400.0,0.3,189400.0,470700000.0,United States
61,camila_cabello,77,2900.0,65000000.0,1900000.0,2.19,1400000.0,5400000000.0,United States
62,willsmith,82,1400.0,63900000.0,1400000.0,0.02,0.0,1900000000.0,United States
63,raffinagita1717,83,17500.0,63500000.0,386900.0,0.58,366600.0,6800000000.0,Indonesia
64,anitta,82,5100.0,63100000.0,855500.0,0.69,426200.0,4400000000.0,United States
65,sooyaaa__,82,830.0,62900000.0,4500000.0,9.43,5900000.0,3800000000.0,Unknown
66,maluma,84,8200.0,62800000.0,1200000.0,1.12,696300.0,9800000000.0,Colombia
67,akshaykumar,85,1900.0,62800000.0,1500000.0,1.01,624900.0,2900000000.0,Unknown
68,jacquelinef143,85,2400.0,62700000.0,1100000.0,1.15,718800.0,2800000000.0,India
69,psg,86,10000.0,61900000.0,500500.0,0.52,322200.0,5000000000.0,France
70,roses_are_rosie,82,820.0,61800000.0,4600000.0,9.72,6000000.0,3800000000.0,Unknown
71,manchesterunited,85,9900.0,59600000.0,381800.0,0.41,241600.0,3800000000.0,United Kingdom
72,anushkasharma,85,1200.0,59500000.0,1900000.0,2.34,1400000.0,2200000000.0,Unknown
73,whinderssonnunes,79,2700.0,58700000.0,1600000.0,0.58,323100.0,4400000000.0,Brazil
74,9gag,86,10000.0,58100000.0,672600.0,0.44,248600.0,6700000000.0,United States
75,marcelotwelve,86,2700.0,58100000.0,690900.0,0.78,448300.0,1900000000.0,Brazil
76,milliebobbybrown,80,280.0,57600000.0,4000000.0,8.63,5000000.0,1100000000.0,United States
77,karimbenzema,42,2000.0,56900000.0,878500.0,1.62,918900.0,1800000000.0,Spain
78,chrishemsworth,86,880.0,55900000.0,2800000.0,3.69,2100000.0,2500000000.0,Australia
79,karolg,83,3300.0,55600000.0,3100000.0,10.25,5700000.0,10100000000.0,India
80,paulpogba,80,1300.0,55200000.0,1400000.0,0.85,462600.0,1800000000.0,France
81,iamzlatanibrahimovic,86,870.0,55100000.0,1500000.0,1.53,837100.0,1300000000.0,Unknown
82,leonardodicaprio,86,1700.0,54600000.0,395500.0,0.2,107600.0,669300000.0,Unknown
83,juventus,87,10000.0,54500000.0,194800.0,0.25,135500.0,1900000000.0,Unknown
84,zacefron,86,660.0,54500000.0,2300000.0,8.18,4400000.0,1500000000.0,United States
85,bellahadid,79,3200.0,54100000.0,1100000.0,2.06,1100000.0,3600000000.0,United Kingdom
86,tatawerneck,86,5600.0,53900000.0,959800.0,0.51,266500.0,5400000000.0,Brazil
87,beingsalmankhan,76,1200.0,53500000.0,1400000.0,1.33,693900.0,1600000000.0,India
88,robertdowneyjr,86,420.0,53400000.0,3000000.0,2.05,1100000.0,1300000000.0,United States
89,sunnyleone,84,4600.0,53400000.0,764000.0,0.57,301300.0,3500000000.0,Unknown
90,ladygaga,83,3600.0,53200000.0,1400000.0,1.02,531600.0,5100000000.0,United States
91,dishapatani,74,2100.0,53000000.0,1600000.0,1.85,971700.0,3400000000.0,United States
92,sergioramos,87,2200.0,52800000.0,1100000.0,1.06,557900.0,2500000000.0,Unknown
93,jbalvin,87,10000.0,52800000.0,878000.0,0.66,340500.0,8800000000.0,Unknown
94,mosalah,22,840.0,52500000.0,1800000.0,2.18,1100000.0,1500000000.0,Unknown
95,ayutingting92,85,10000.0,52400000.0,147300.0,0.11,56300.0,1500000000.0,Indonesia
96,433,79,10300.0,51200000.0,863200.0,1.52,774200.0,8900000000.0,Netherlands
97,hudabeauty,82,2400.0,50800000.0,186400.0,0.04,16800.0,453600000.0,United States
98,adele,84,420.0,50700000.0,4700000.0,3.82,1900000.0,2000000000.0,United States
99,michelleobama,85,600.0,50700000.0,700500.0,1.22,611200.0,421700000.0,Unknown
100,kritisanon,76,2700.0,50200000.0,897200.0,1.21,604400.0,2400000000.0,India
101,jamesrodriguez10,86,1100.0,49900000.0,1400000.0,0.75,363900.0,1500000000.0,Colombia
102,krisjenner,80,6400.0,49700000.0,356800.0,0.91,452900.0,2300000000.0,United States
103,thv,83,60.0,49300000.0,15400000.0,25.8,12600000.0,987400000.0,Unknown
104,lelepons,81,2500.0,49200000.0,2400000.0,3.55,1700000.0,6100000000.0,United States
105,charlidamelio,80,150.0,49100000.0,4200000.0,3.28,1600000.0,654400000.0,Unknown
106,gucci,86,8900.0,49000000.0,115100.0,0.15,72400.0,1000000000.0,Italy
107,prillylatuconsina96,84,6500.0,48900000.0,372400.0,0.27,131800.0,2400000000.0,Indonesia
108,louisvuitton,82,6500.0,48700000.0,127500.0,0.08,40500.0,824000000.0,France
109,paulodybala,85,1300.0,48300000.0,1800000.0,2.88,1400000.0,2300000000.0,Unknown
110,blackpinkofficial,85,1400.0,48200000.0,2100000.0,2.77,1300000.0,3000000000.0,Unknown
111,dovecameron,85,170.0,48200000.0,1600000.0,1.75,841400.0,283000000.0,United States
112,garethbale11,86,980.0,48100000.0,763000.0,1.43,681300.0,753100000.0,Unknown
113,jokowi,85,3500.0,47700000.0,452600.0,0.41,189600.0,1600000000.0,Unknown
114,nusr_et,81,2300.0,47300000.0,728200.0,0.29,133000.0,1700000000.0,United Arab Emirates
115,harrystyles,57,590.0,46900000.0,4700000.0,6.38,2900000.0,2800000000.0,United States
116,haileybieber,85,2100.0,46900000.0,2000000.0,3.47,1600000.0,4200000000.0,Unknown
117,vanessahudgens,84,4200.0,46800000.0,633900.0,0.63,292900.0,2700000000.0,United States
118,5-Minute Crafts GIRLY,85,10000.0,46500000.0,157000.0,0.03,12400.0,1600000000.0,United States
119,zayn,82,160.0,46500000.0,4700000.0,8.81,4000000.0,773500000.0,United States
120,larissamanoela,85,5200.0,46500000.0,579600.0,0.57,259400.0,3000000000.0,Brazil
121,travisscott,78,3200.0,46200000.0,3000000.0,5.71,2600000.0,9600000000.0,United States
122,thenotoriousmma,82,3200.0,45900000.0,1100000.0,0.69,311500.0,3500000000.0,United States
123,daddyyankee,80,20.0,45900000.0,652500.0,1.0,455300.0,18300000.0,Puerto Rico
124,natgeotravel,82,16900.0,45800000.0,189900.0,0.12,52800.0,3200000000.0,United States
125,nikefootball,85,1800.0,45400000.0,431200.0,0.44,199800.0,784000000.0,United States
126,stephencurry30,84,1100.0,45400000.0,1100000.0,2.76,1200000.0,1200000000.0,Unknown
127,vancityreynolds,86,680.0,44800000.0,1400000.0,2.61,1200000.0,925700000.0,Unknown
128,maisa,42,1500.0,44500000.0,553000.0,0.67,294100.0,820100000.0,Brazil
129,luissuarez9,85,970.0,44200000.0,801800.0,0.96,414800.0,782500000.0,Unknown
130,gusttavolima,76,4900.0,43900000.0,475100.0,0.71,303900.0,2300000000.0,Brazil
131,jannatzubair29,84,1600.0,43800000.0,1300000.0,2.18,944300.0,2200000000.0,Unknown
132,varundvn,84,1900.0,43800000.0,1100000.0,1.48,640500.0,2000000000.0,India
133,hrithikroshan,85,580.0,43700000.0,1600000.0,3.82,1600000.0,949900000.0,CÃ´te d'Ivoire
134,nickyjampr,81,10000.0,43400000.0,381600.0,0.33,139300.0,3800000000.0,Colombia
135,buzzfeedtasty,85,8900.0,43200000.0,65100.0,0.02,7700.0,580700000.0,Spain
136,brunamarquezine,84,3000.0,43100000.0,969700.0,1.05,444200.0,2900000000.0,United States
137,caradelevingne,86,4400.0,42900000.0,790200.0,0.43,181000.0,3500000000.0,United States
138,kapilsharma,83,950.0,42200000.0,736400.0,1.49,624500.0,710700000.0,Unknown
139,badbunnypr,83,10.0,42100000.0,3700000.0,13.09,5400000.0,67500000.0,Unknown
140,britneyspears,80,3000.0,42100000.0,513100.0,0.55,221700.0,1600000000.0,Turkey
141,j.m,83,20.0,41900000.0,14200000.0,26.41,11000000.0,368100000.0,Unknown
142,mariliamendoncacantora,73,1400.0,41800000.0,1000000.0,1.98,818600.0,1500000000.0,Brazil
143,norafatehi,83,1700.0,41600000.0,1400000.0,1.76,727500.0,2300000000.0,Anguilla
144,theweeknd,83,670.0,41500000.0,1100000.0,3.97,1600000.0,767000000.0,Unknown
145,dior,85,9700.0,41500000.0,88800.0,0.16,63600.0,863000000.0,Unknown
146,ranveersingh,85,1800.0,40800000.0,1000000.0,0.76,299300.0,1800000000.0,Switzerland
147,marinaruybarbosa,81,2100.0,40700000.0,586400.0,0.01,0.0,1200000000.0,Brazil
148,jenniferaniston,85,90.0,40700000.0,4600000.0,1.88,731000.0,452000000.0,Unknown
149,addisonraee,85,300.0,40100000.0,3100000.0,2.49,994400.0,957900000.0,Unknown
150,andresiniesta8,85,2000.0,40000000.0,250800.0,0.41,161700.0,500500000.0,Spain
151,princessyahrini,81,4500.0,40000000.0,118300.0,0.22,87400.0,529900000.0,Indonesia
152,liverpoolfc,75,10000.0,39900000.0,346700.0,0.42,162900.0,3500000000.0,United Kingdom
153,teddysphotos,80,2300.0,39900000.0,715500.0,0.46,181100.0,1700000000.0,United States
154,worldstar,78,11600.0,39200000.0,157400.0,0.23,84400.0,1800000000.0,United States
155,natashawilona12,84,1200.0,39200000.0,486500.0,0.59,227700.0,563900000.0,Unknown
156,mahi7781,58,100.0,39100000.0,4100000.0,0.17,0.0,439400000.0,Unknown
157,georginagio,74,730.0,39100000.0,2200000.0,8.56,3300000.0,1600000000.0,Unknown
158,cznburak,80,1800.0,39000000.0,815800.0,1.01,383300.0,1400000000.0,Unknown
159,chrissyteigen,79,5100.0,38900000.0,623100.0,0.43,162100.0,3200000000.0,United States
160,ruben_onsu,75,13400.0,38800000.0,139300.0,0.13,49100.0,1900000000.0,Indonesia
161,wizkhalifa,80,500.0,38700000.0,398700.0,0.31,115700.0,199800000.0,United States
162,hm,83,7300.0,38500000.0,88400.0,0.06,22400.0,644100000.0,Sweden
163,anushkasen0408,85,5300.0,38300000.0,695400.0,1.75,658300.0,3700000000.0,Unknown
164,prattprattpratt,84,730.0,38300000.0,813500.0,1.0,363800.0,594700000.0,Unknown
165,marvelstudios,83,2700.0,38100000.0,594200.0,1.58,555900.0,1600000000.0,Unknown
166,wesleysafadao,80,8900.0,37400000.0,256100.0,0.02,0.0,2300000000.0,Unknown
167,parineetichopra,84,1300.0,37400000.0,505700.0,0.68,246900.0,672100000.0,Unknown
168,rkive,83,110.0,37000000.0,10900000.0,0.88,0.0,1200000000.0,Unknown
169,laudyacynthiabella,76,380.0,36900000.0,172800.0,0.12,43400.0,66700000.0,Indonesia
170,antogriezmann,83,870.0,36500000.0,1100000.0,0.57,203600.0,955400000.0,France
171,gisel_la,85,9900.0,36500000.0,150500.0,0.1,33400.0,1500000000.0,Unknown
172,eminem,84,660.0,36400000.0,1100000.0,2.69,962700.0,730100000.0,United States
173,mercedesbenz,77,10000.0,36000000.0,197900.0,0.18,64600.0,2000000000.0,British Virgin Islands
174,colesprouse,81,1200.0,35900000.0,2200000.0,2.34,834500.0,2600000000.0,Unknown
175,nattinatasha,47,30.0,35900000.0,518100.0,0.8,285900.0,18700000.0,Czech Republic
176,shahidkapoor,82,1100.0,35600000.0,1300000.0,2.54,780000.0,1500000000.0,Unknown
177,tigerjackieshroff,83,2100.0,35600000.0,1100000.0,1.2,422900.0,2200000000.0,India
178,kimberly.loaiza,78,590.0,35500000.0,2600000.0,5.23,1800000.0,1600000000.0,Mexico
179,barackobama,81,660.0,35400000.0,1100000.0,1.19,411500.0,739500000.0,United States
180,sachintendulkar,76,1000.0,35300000.0,800400.0,2.03,664500.0,810000000.0,Unknown
181,simonemendes,72,4400.0,35000000.0,420000.0,0.65,222900.0,1900000000.0,Brazil
182,ivetesangalo,84,7600.0,34800000.0,226400.0,0.36,121100.0,1700000000.0,Brazil
183,lunamaya,83,4100.0,34800000.0,145400.0,0.17,58600.0,589600000.0,Unknown
184,toni.kr8s,83,940.0,34700000.0,597200.0,1.68,533500.0,561300000.0,Unknown
185,dannapaola,68,1900.0,34700000.0,1500000.0,3.49,1200000.0,2800000000.0,Mexico
186,paollaoliveirareal,84,4600.0,34700000.0,367800.0,0.57,192300.0,1700000000.0,Unknown
187,blakelively,80,110.0,34600000.0,3100000.0,0.02,0.0,350900000.0,United States
188,adidasoriginals,83,150.0,34200000.0,136200.0,0.2,66800.0,21200000.0,Unknown
189,disney,77,7300.0,34200000.0,185200.0,0.44,132000.0,1400000000.0,United States
190,shaymitchell,83,6300.0,34100000.0,732400.0,0.73,247500.0,4600000000.0,United States
191,bmw,79,9300.0,33700000.0,231300.0,0.23,76500.0,2200000000.0,Germany
192,danbilzerian,84,1400.0,33600000.0,2000000.0,3.58,1200000.0,2800000000.0,Canada
193,khabib_nurmagomedov,63,4500.0,33500000.0,685100.0,0.67,220700.0,3100000000.0,Russia
194,zidane,41,370.0,33500000.0,1100000.0,1.61,532700.0,391900000.0,France
195,sonamkapoor,75,4800.0,33300000.0,264700.0,0.63,209200.0,1300000000.0,India
196,iambeckyg,71,2300.0,33200000.0,623800.0,1.4,464700.0,1400000000.0,United States
197,nancyajram,81,3800.0,33200000.0,390400.0,0.64,208000.0,1500000000.0,France
198,luansantana,79,770.0,33200000.0,193300.0,0.26,82600.0,149200000.0,Brazil
199,nickjonas,78,2300.0,33000000.0,719600.0,1.42,467700.0,1700000000.0,United States
200,raisa6690,80,4200.0,32800000.0,232200.0,0.3,97400.0,969100000.0,Indonesia
